place,latitude,longitude,date1,5,6,7,8,9,10,11,12,13,14,15,16,17,18,19,20,21,22,23,24,25,26,27,28,date2,30,31,32,33,34,35,36,37,38,39,40,41,42,43,44,45,46,47,48,49,50,51,52,53,date3,55,56,57,58,59,60,61,62,63,64,65,66,67,68,69,70,71,72,73,74,75,76,77,78,date4,80,81,82,83,84,85,86,87,88,89,90,91,92,93,94,95,96,97,98,99,100,101,102,103,date5,105,106,107,108,109,110,111,112,113,114,115,116,117,118,119,120,121,122,123,124,125,126,127,128,date6,130,131,132,133,134,135,136,137,138,139,140,141,142,143,144,145,146,147,148,149,150,151,152,153,date7,155,156,157,158,159,160,161,162,163,164,165,166,167,168,169,170,171,172,173,174,175,176,177,178,179,180,181,182,183,184,185,186,187,188,189,190,191,192,193,194,195,196,197,198,199,200,201,202,203,204,205,206,207,208,209,210,211,212,213,214,215,216,217,218,219,220,221,222,223,224,225,226,227,228,229,230,231,232,233,234,235,236,237,238,239,240,241,242,243,244,245,246,247,248,249,250,251,252,253,254,255,256
St. Andrews,45.0738,-67.0531,4/1/2020,1.6,1.8,2.7,3.7,4.8,5.8,6.4,6.2,5.4,4.5,3.5,2.4,1.5,1.3,1.8,2.8,3.9,4.9,5.8,6.1,5.6,4.9,4,3,4/2/2020,2.1,1.6,1.8,2.7,3.7,4.8,5.8,6.4,6.2,5.5,4.6,3.5,2.4,1.5,1.2,1.7,2.7,3.8,4.9,5.8,6.2,5.7,5,4.1,4/3/2020,3.1,2.1,1.5,1.7,2.6,3.6,4.7,5.8,6.5,6.4,5.6,4.7,3.6,2.4,1.4,1,1.6,2.6,3.7,4.9,6,6.4,6,5.2,4/4/2020,4.2,3.1,2,1.3,1.5,2.3,3.5,4.7,6,6.7,6.6,5.9,4.8,3.6,2.3,1.2,0.8,1.4,2.5,3.7,5.1,6.2,6.7,6.2,4/5/2020,5.3,4.2,3,1.7,0.9,1.1,2.1,3.4,4.8,6.2,7,6.9,6,4.9,3.5,2.1,0.9,0.5,1.2,2.4,3.8,5.4,6.6,7.1,4/6/2020,6.5,5.4,4.2,2.8,1.4,0.5,0.8,2,3.4,4.9,6.4,7.3,7.1,6.1,4.8,3.4,1.8,0.5,0.3,1.1,2.5,4.1,5.7,7.1,4/7/2020,7.4,6.7,5.4,4,2.5,0.9,0.2,0.6,1.9,3.5,5.2,6.8,7.6,7.2,6.1,4.7,3.1,1.5,0.2,0.1,1.2,2.8,4.4,6.2,6:19,6.4,21,12:51,1.2,3.9,18:53,6.1,20,1:15,1.6,5.2,7:19,6.4,21,13:51,1.2,3.9,19:56,6.2,20.3,2:17,1.5,4.9,8:21,6.6,21.7,14:52,1,3.3,20:58,6.4,21,3:18,1.2,3.9,9:23,6.8,22.3,15:52,0.8,2.6,21:57,6.7,22,4:18,0.9,3,10:22,7.1,23.3,16:48,0.5,1.6,22:53,7.1,23.3,5:14,0.5,1.6,11:18,7.4,24.3,17:42,0.2,0.7,23:46,7.4,24.3,6:07,0.2,0.7,12:10,7.6,24.9,18:33,0,0
Grand Manan Island (North Head),44.7636,-66.7436,4/1/2020,1.3,1.6,2.3,3.3,4.4,5.3,5.8,5.6,5,4,2.9,1.9,1.2,1.1,1.6,2.4,3.4,4.5,5.2,5.5,5.2,4.5,3.5,2.5,4/2/2020,1.8,1.4,1.6,2.3,3.2,4.3,5.2,5.7,5.7,5.1,4.1,3,2,1.3,1.1,1.5,2.3,3.3,4.4,5.3,5.6,5.3,4.7,3.7,4/3/2020,2.7,1.8,1.4,1.5,2.2,3.1,4.2,5.2,5.8,5.8,5.2,4.3,3.1,2,1.2,1,1.4,2.2,3.3,4.5,5.4,5.8,5.6,4.8,4/4/2020,3.8,2.7,1.8,1.3,1.4,2,3,4.2,5.3,6,6,5.4,4.4,3.1,1.9,1.1,0.8,1.3,2.2,3.4,4.7,5.7,6.1,5.8,4/5/2020,5,3.8,2.6,1.6,1.1,1.2,1.9,3.1,4.4,5.6,6.3,6.3,5.6,4.4,3,1.7,0.8,0.7,1.2,2.3,3.6,5,6.1,6.4,4/6/2020,6,5,3.7,2.4,1.2,0.8,1.1,1.9,3.2,4.8,6,6.7,6.5,5.6,4.2,2.7,1.4,0.6,0.6,1.3,2.5,4.1,5.6,6.5,4/7/2020,6.7,6,4.8,3.4,1.9,0.8,0.5,1,2.1,3.6,5.2,6.5,6.9,6.5,5.4,3.9,2.3,1,0.4,0.6,1.6,3,4.6,6.1,6:15,5.8,19,12:41,1.1,3.6,18:55,5.5,18,1:08,1.4,4.6,7:23,5.8,19,13:47,1.1,3.6,20:05,5.6,18.4,2:16,1.4,4.6,8:31,5.9,19.4,14:51,1,3.3,21:10,5.8,19,3:20,1.3,4.3,9:33,6.1,20,15:50,0.8,2.6,22:07,6.1,20,4:16,1,3.3,10:27,6.4,21,16:42,0.7,2.3,22:56,6.4,21,5:06,0.8,2.6,11:16,6.7,22,17:29,0.5,1.6,23:41,6.7,22,5:52,0.5,1.6,12:01,6.9,22.6,18:13,0.4,1.3
Grand Manan Island (Outer Wood Island),44.6086,-66.8182,4/1/2020,1.5,1.9,2.7,3.6,4.3,4.8,4.9,4.6,3.9,3,2.1,1.5,1.2,1.4,2,2.8,3.6,4.3,4.6,4.6,4.2,3.5,2.7,2,4/2/2020,1.6,1.6,2,2.7,3.5,4.2,4.7,4.8,4.5,3.9,3,2.2,1.6,1.3,1.4,1.9,2.7,3.5,4.2,4.6,4.6,4.2,3.6,2.8,4/3/2020,2.1,1.7,1.7,2,2.6,3.3,4.1,4.6,4.8,4.6,4,3.2,2.3,1.7,1.3,1.4,1.8,2.5,3.4,4.1,4.6,4.7,4.4,3.7,4/4/2020,2.9,2.2,1.7,1.5,1.8,2.4,3.2,4,4.7,4.9,4.8,4.2,3.3,2.4,1.6,1.2,1.2,1.6,2.4,3.4,4.2,4.8,4.9,4.6,4/5/2020,3.9,3,2.1,1.5,1.3,1.5,2.2,3.1,4.1,4.8,5.2,5,4.3,3.3,2.3,1.5,1,1,1.5,2.4,3.5,4.4,5.1,5.2,4/6/2020,4.7,3.9,2.8,1.9,1.2,1,1.3,2.1,3.2,4.3,5.1,5.4,5.1,4.4,3.3,2.1,1.2,0.7,0.8,1.5,2.5,3.7,4.8,5.4,4/7/2020,5.4,4.8,3.8,2.6,1.5,0.8,0.7,1.2,2.1,3.4,4.6,5.4,5.6,5.2,4.3,3.1,1.8,0.9,0.5,0.8,1.6,2.8,4.1,5.2,5:42,4.9,16.1,12:05,1.2,3.9,18:24,4.7,15.4,0:31,1.6,5.2,6:46,4.8,15.7,13:11,1.3,4.3,19:33,4.6,15.1,1:40,1.6,5.2,7:57,4.8,15.7,14:22,1.3,4.3,20:43,4.7,15.4,2:52,1.5,4.9,9:06,4.9,16.1,15:29,1.1,3.6,21:46,4.9,16.1,3:56,1.3,4.3,10:08,5.2,17.1,16:28,0.9,3,22:42,5.2,17.1,4:53,1,3.3,11:03,5.4,17.7,17:20,0.7,2.3,23:31,5.5,18,5:43,0.7,2.3,11:53,5.6,18.4,18:07,0.5,1.6
"Wilson's Beach, Campobello Island",44.9329,-66.9396,4/1/2020,2.7,3.3,4.1,4.9,5.7,6.3,6.4,5.9,5.1,4.3,3.4,2.7,2.4,2.6,3.3,4,4.9,5.6,6.1,6,5.5,4.7,4,3.2,4/2/2020,2.7,2.7,3.3,4.1,4.9,5.7,6.3,6.4,6,5.2,4.4,3.4,2.7,2.3,2.5,3.2,4,4.8,5.6,6.1,6.1,5.6,4.8,4,4/3/2020,3.2,2.6,2.6,3.1,3.9,4.7,5.6,6.3,6.6,6.2,5.4,4.5,3.5,2.6,2.2,2.3,3,3.8,4.7,5.7,6.3,6.4,5.8,5,4/4/2020,4,3.1,2.4,2.3,2.8,3.6,4.6,5.7,6.5,6.8,6.5,5.6,4.6,3.4,2.4,1.8,2,2.7,3.6,4.7,5.8,6.7,6.7,6.1,4/5/2020,5.1,4,2.9,2,1.8,2.4,3.4,4.5,5.7,6.7,7.2,6.8,5.8,4.6,3.3,2.1,1.4,1.6,2.4,3.6,4.9,6.2,7.1,7.1,4/6/2020,6.3,5.2,3.8,2.6,1.6,1.4,2,3.2,4.5,5.9,7,7.5,7,5.9,4.5,3,1.8,1.1,1.3,2.3,3.6,5.1,6.6,7.5,4/7/2020,7.4,6.5,5.1,3.6,2.2,1.1,1,1.8,3.1,4.6,6.1,7.3,7.8,7.1,5.8,4.3,2.8,1.4,0.8,1.2,2.3,3.8,5.4,7,5:43,6.4,21,12:06,2.4,7.9,18:26,6.1,20,0:31,2.7,8.9,6:46,6.4,21,13:12,2.3,7.5,19:31,6.2,20.3,1:38,2.5,8.2,7:53,6.6,21.7,14:18,2.1,6.9,20:34,6.5,21.3,2:43,2.2,7.2,8:59,6.8,22.3,15:20,1.8,5.9,21:34,6.8,22.3,3:45,1.8,5.9,10:00,7.2,23.6,16:19,1.4,4.6,22:31,7.2,23.6,4:43,1.3,4.3,10:58,7.5,24.6,17:14,1,3.3,23:25,7.6,24.9,5:38,0.9,3,11:52,7.8,25.6,18:07,0.7,2.3
Saint John,45.2733,-66.0633,4/1/2020,2.1,2.6,3.5,4.7,5.9,6.8,7,6.7,5.8,4.7,3.4,2.4,1.8,1.9,2.6,3.7,4.9,6,6.6,6.6,6.1,5.2,4.1,3,4/2/2020,2.3,2.1,2.6,3.5,4.7,5.9,6.8,7.1,6.7,5.9,4.7,3.4,2.3,1.8,1.8,2.5,3.6,4.9,6,6.7,6.7,6.2,5.3,4.1,4/3/2020,3,2.2,2,2.4,3.4,4.6,5.9,6.9,7.2,6.9,6,4.8,3.4,2.2,1.5,1.6,2.3,3.5,4.9,6.1,6.9,7,6.5,5.4,4/4/2020,4.2,2.9,1.9,1.6,2.1,3.1,4.5,6,7.1,7.5,7.2,6.3,4.9,3.4,2,1.2,1.2,2,3.4,4.9,6.4,7.3,7.4,6.8,4/5/2020,5.6,4.1,2.6,1.5,1.2,1.7,2.9,4.5,6.1,7.4,7.9,7.5,6.4,4.9,3.2,1.6,0.8,0.9,1.8,3.4,5.2,6.8,7.8,7.8,4/6/2020,7,5.7,4,2.3,1,0.7,1.4,2.7,4.5,6.4,7.8,8.3,7.7,6.5,4.8,2.9,1.2,0.3,0.6,1.8,3.5,5.5,7.2,8.2,4/7/2020,8.1,7.2,5.6,3.7,1.8,0.5,0.3,1.1,2.7,4.7,6.7,8.1,8.5,7.8,6.4,4.6,2.5,0.8,0.1,0.5,1.9,3.8,5.9,7.7,5:54,7,23,12:19,1.8,5.9,18:31,6.7,22,0:45,2.1,6.9,6:55,7.1,23.3,13:21,1.7,5.6,19:34,6.8,22.3,1:49,1.9,6.2,8:00,7.2,23.6,14:25,1.5,4.9,20:38,7,23,2:53,1.6,5.2,9:04,7.5,24.6,15:27,1.1,3.6,21:38,7.4,24.3,3:53,1.1,3.6,10:03,7.9,25.9,16:23,0.7,2.3,22:33,7.9,25.9,4:48,0.7,2.3,10:57,8.3,27.2,17:16,0.3,1,23:25,8.3,27.2,5:41,0.2,0.7,11:50,8.5,27.9,18:06,0,0
St Martins,45.3482,-65.5298,4/1/2020,2.4,2.8,3.8,5.3,6.7,7.9,8.4,8.2,7.3,6,4.5,3.1,2.3,2.2,2.9,4.1,5.6,6.9,7.8,8,7.5,6.5,5.2,3.8,4/2/2020,2.8,2.4,2.8,3.8,5.2,6.7,7.8,8.4,8.2,7.3,6,4.5,3.1,2.3,2.1,2.7,4,5.5,6.9,7.8,8.1,7.7,6.7,5.3,4/3/2020,3.9,2.8,2.3,2.6,3.6,5,6.6,7.9,8.5,8.4,7.6,6.2,4.6,3.1,2.1,1.9,2.5,3.8,5.4,7,8.1,8.5,8.1,7,4/4/2020,5.5,3.8,2.5,1.9,2.2,3.2,4.9,6.6,8,8.8,8.8,7.9,6.4,4.6,2.9,1.7,1.5,2.1,3.6,5.4,7.2,8.5,8.9,8.5,4/5/2020,7.2,5.5,3.6,2.1,1.4,1.7,2.9,4.8,6.8,8.4,9.3,9.2,8.2,6.5,4.4,2.5,1.3,1,1.8,3.5,5.7,7.6,9,9.5,4/6/2020,8.9,7.4,5.4,3.3,1.6,0.9,1.3,2.7,4.8,7.1,8.8,9.7,9.6,8.3,6.4,4.1,2,0.7,0.6,1.7,3.7,6.1,8.2,9.6,4/7/2020,9.9,9.1,7.4,5,2.7,1,0.4,1,2.7,5.1,7.5,9.3,10.2,9.8,8.3,6.1,3.6,1.5,0.3,0.4,1.8,4,6.6,8.8,6:12,8.4,27.6,12:38,2.2,7.2,18:49,8,26.2,1:03,2.4,7.9,7:15,8.4,27.6,13:42,2.1,6.9,19:55,8.1,26.6,2:09,2.3,7.5,8:22,8.6,28.2,14:46,1.8,5.9,20:59,8.5,27.9,3:14,1.9,6.2,9:26,8.9,29.2,15:47,1.4,4.6,22:00,8.9,29.2,4:14,1.4,4.6,10:26,9.4,30.8,16:44,1,3.3,22:56,9.5,31.2,5:09,0.9,3,11:20,9.8,32.2,17:36,0.5,1.6,23:47,10,32.8,6:01,0.4,1.3,12:12,10.2,33.5,18:25,0.2,0.7
Alma (Herring Cove),45.596832,-64.952332,4/1/2020,2.8,3.1,4.2,5.7,7.3,8.6,9.2,9,8,6.7,5.1,3.6,2.7,2.5,3.1,4.4,6,7.5,8.5,8.8,8.3,7.3,5.9,4.4,4/2/2020,3.3,2.7,3.1,4.1,5.6,7.3,8.6,9.2,9,8.2,6.8,5.1,3.6,2.6,2.3,2.9,4.2,5.9,7.5,8.6,9,8.6,7.5,6.1,4/3/2020,4.5,3.2,2.5,2.8,3.8,5.4,7.2,8.6,9.4,9.4,8.5,7,5.2,3.5,2.3,2,2.5,3.9,5.7,7.5,8.9,9.4,9,7.9,4/4/2020,6.2,4.5,3,2.1,2.3,3.4,5.1,7.1,8.8,9.8,9.8,8.9,7.3,5.3,3.4,2,1.5,2.1,3.6,5.7,7.7,9.3,9.9,9.4,4/5/2020,8.2,6.3,4.3,2.6,1.6,1.7,2.9,4.9,7.1,9,10.2,10.2,9.2,7.4,5.2,3.1,1.5,1,1.8,3.5,5.8,8.1,9.7,10.3,4/6/2020,9.8,8.3,6.3,4.1,2.1,1.1,1.2,2.6,4.8,7.3,9.4,10.5,10.5,9.3,7.4,5,2.7,1.1,0.7,1.6,3.7,6.2,8.6,10.2,4/7/2020,10.7,10,8.3,6.1,3.7,1.7,0.6,0.9,2.6,5.1,7.7,9.7,10.8,10.6,9.2,7.1,4.6,2.3,0.8,0.6,1.8,4.1,6.8,9.1,6:12,9.2,30.2,12:42,2.5,8.2,18:51,8.8,28.9,1:06,2.7,8.9,7:16,9.3,30.5,13:46,2.3,7.5,19:58,9,29.5,2:14,2.5,8.2,8:25,9.5,31.2,14:53,1.9,6.2,21:04,9.4,30.8,3:21,2.1,6.9,9:31,9.9,32.5,15:56,1.5,4.9,22:05,9.9,32.5,4:24,1.5,4.9,10:32,10.3,33.8,16:54,1,3.3,23:01,10.3,33.8,5:22,1,3.3,11:28,10.7,35.1,17:49,0.7,2.3,23:54,10.7,35.1,6:16,0.6,2,12:21,10.9,35.8,18:39,0.5,1.6
Cape Enrage,45.6246,-64.7877,4/1/2020,3.1,3.3,4.2,5.8,7.5,8.9,9.6,9.4,8.5,7.2,5.6,4.2,3.1,2.8,3.2,4.4,6.1,7.8,8.9,9.3,8.8,7.8,6.4,5,4/2/2020,3.8,3.2,3.3,4.2,5.7,7.4,8.8,9.6,9.5,8.7,7.3,5.7,4.2,3.1,2.7,3.1,4.3,6,7.7,9,9.4,9.1,8,6.6,4/3/2020,5.1,3.8,3,3,3.8,5.4,7.3,8.9,9.8,9.8,9,7.5,5.8,4.2,2.9,2.3,2.7,3.9,5.8,7.8,9.3,9.9,9.5,8.4,4/4/2020,6.8,5.1,3.6,2.6,2.5,3.4,5.1,7.3,9.1,10.2,10.3,9.4,7.8,5.9,4,2.5,1.8,2.2,3.7,5.8,8.1,9.8,10.5,10,4/5/2020,8.7,6.9,4.9,3.1,1.9,1.8,2.9,5,7.5,9.6,10.8,10.8,9.7,7.9,5.7,3.5,1.9,1.1,1.7,3.5,6.1,8.7,10.5,11.1,4/6/2020,10.5,8.9,6.7,4.4,2.4,1.2,1.2,2.6,5.1,7.9,10.2,11.4,11.2,9.9,7.8,5.3,2.9,1.1,0.6,1.5,3.7,6.7,9.4,11.2,4/7/2020,11.7,10.8,8.9,6.4,3.8,1.6,0.4,0.8,2.6,5.5,8.6,10.9,11.9,11.5,9.9,7.4,4.7,2.2,0.5,0.2,1.5,4.2,7.4,10.3,6:18,9.6,31.5,12:57,2.8,9.2,18:56,9.3,30.5,1:23,3.1,10.2,7:23,9.7,31.8,14:03,2.7,8.9,20:03,9.4,30.8,2:32,2.9,9.5,8:30,9.9,32.5,15:09,2.3,7.5,21:07,9.9,32.5,3:37,2.4,7.9,9:33,10.4,34.1,16:10,1.8,5.9,22:05,10.5,34.4,4:36,1.7,5.6,10:30,10.9,35.8,17:04,1.1,3.6,22:59,11.1,36.4,5:29,1,3.3,11:22,11.5,37.7,17:54,0.6,2,23:48,11.7,38.4,6:18,0.4,1.3,12:11,11.9,39,18:42,0.1,0.3
Hopewell Cape,45.8477,-64.5764,4/1/2020,3.3,3.4,4.4,6.3,8.4,10.2,11.1,10.9,9.8,8.1,6.3,4.6,3.4,2.9,3.4,4.8,6.8,8.8,10.3,10.7,10.1,8.8,7.1,5.5,4/2/2020,4.1,3.4,3.4,4.4,6.2,8.3,10.1,11.1,11,9.9,8.2,6.4,4.7,3.4,2.9,3.3,4.7,6.7,8.8,10.3,10.9,10.4,9.1,7.3,4/3/2020,5.6,4.1,3.2,3.2,4.1,6,8.2,10.1,11.2,11.2,10.2,8.5,6.5,4.6,3.2,2.6,2.9,4.4,6.5,8.8,10.6,11.3,10.8,9.4,4/4/2020,7.6,5.6,3.9,2.8,2.7,3.7,5.7,8.2,10.4,11.7,11.7,10.6,8.7,6.6,4.5,2.8,2,2.4,4.1,6.5,9.1,11.1,11.9,11.3,4/5/2020,9.8,7.7,5.4,3.4,2.2,2,3.2,5.5,8.3,10.8,12.2,12.2,11,8.9,6.4,4,2.2,1.4,1.9,3.9,6.8,9.7,11.8,12.6,4/6/2020,11.8,10,7.6,5,2.8,1.4,1.4,2.8,5.6,8.8,11.5,12.9,12.7,11.2,8.8,6.1,3.4,1.5,0.8,1.6,4,7.3,10.5,12.6,4/7/2020,13.2,12.2,10,7.2,4.4,2,0.6,0.8,2.8,5.9,9.4,12.2,13.5,13,11.2,8.5,5.5,2.7,0.8,0.3,1.6,4.4,8.1,11.4,6:20,11.2,36.7,13:01,2.9,9.5,18:55,10.7,35.1,1:26,3.3,10.8,7:23,11.2,36.7,14:05,2.9,9.5,20:00,10.9,35.8,2:32,3.1,10.2,8:29,11.4,37.4,15:10,2.6,8.5,21:05,11.3,37.1,3:38,2.6,8.5,9:32,11.8,38.7,16:11,2,6.6,22:04,11.9,39,4:38,1.9,6.2,10:30,12.4,40.7,17:07,1.4,4.6,22:59,12.6,41.3,5:32,1.2,3.9,11:24,13,42.7,17:59,0.8,2.6,23:50,13.2,43.3,6:23,0.5,1.6,12:14,13.5,44.3,18:47,0.3,1
"Eastport, Maine",44.9062,-66.99,4/1/2020,1.1,1.6,2.4,3.3,4.2,4.9,5.1,4.7,3.9,3.1,2.2,1.3,0.9,0.9,1.5,2.4,3.3,4.2,4.7,4.7,4.2,3.4,2.6,1.9,4/2/2020,1.3,1.1,1.6,2.4,3.3,4.2,4.9,5.1,4.7,4,3.1,2.1,1.3,0.8,0.8,1.4,2.3,3.3,4.2,4.7,4.7,4.2,3.5,2.6,4/3/2020,1.8,1.2,1,1.4,2.2,3.2,4.2,5,5.3,4.9,4.1,3.2,2.1,1.2,0.6,0.6,1.2,2.2,3.2,4.3,4.9,5,4.4,3.6,4/4/2020,2.7,1.7,0.9,0.7,1.1,2,3.1,4.3,5.2,5.5,5.2,4.3,3.2,2.1,1,0.3,0.3,0.9,2,3.3,4.4,5.2,5.3,4.7,4/5/2020,3.7,2.6,1.5,0.6,0.2,0.7,1.7,3,4.4,5.4,5.8,5.4,4.5,3.3,1.9,0.7,-0.1,-0.1,0.7,2,3.4,4.8,5.6,5.7,4/6/2020,4.9,3.8,2.5,1.2,0.1,-0.2,0.3,1.5,3,4.5,5.7,6.2,5.7,4.6,3.2,1.7,0.4,-0.5,-0.4,0.6,2.1,3.7,5.2,6.1,4/7/2020,6,5.1,3.8,2.4,0.9,-0.3,-0.7,0,1.4,3.1,4.7,6,6.4,5.8,4.6,3.1,1.5,0,-0.8,-0.5,0.7,2.4,4.1,5.6,5:48,5.1,16.7,12:22,0.8,2.6,18:26,4.8,15.7,0:43,1.1,3.6,6:48,5.1,16.7,13:24,0.7,2.3,19:30,4.8,15.7,1:48,1,3.3,7:53,5.3,17.4,14:28,0.5,1.6,20:34,5,16.4,2:54,0.7,2.3,8:59,5.5,18,15:31,0.2,0.7,21:35,5.4,17.7,3:56,0.2,0.7,10:01,5.8,19,16:30,-0.2,-0.7,22:32,5.8,19,4:54,-0.2,-0.7,10:59,6.2,20.3,17:24,-0.6,-2,23:27,6.2,20.3,5:49,-0.7,-2.3,11:53,6.4,21,18:16,-0.8,-2.6
Joggins,45.6919,-64.4434,4/1/2020,2.8,2.7,3.7,5.6,7.8,9.6,10.6,10.6,9.8,8.3,6.4,4.5,3,2.3,2.7,4.1,6.2,8.3,9.8,10.4,10.1,9,7.4,5.6,4/2/2020,3.9,2.9,2.7,3.7,5.6,7.7,9.5,10.6,10.7,9.9,8.4,6.5,4.6,3,2.2,2.6,4,6.1,8.2,9.8,10.5,10.2,9.2,7.6,4/3/2020,5.7,3.9,2.7,2.5,3.5,5.4,7.6,9.5,10.7,10.9,10.2,8.7,6.7,4.5,2.8,2,2.3,3.8,6,8.2,10,10.8,10.6,9.5,4/4/2020,7.8,5.7,3.7,2.4,2.1,3.2,5.2,7.6,9.7,11,11.3,10.5,8.9,6.7,4.3,2.4,1.5,1.9,3.6,6,8.5,10.4,11.3,11.1,4/5/2020,9.8,7.8,5.4,3.2,1.8,1.7,2.8,5.1,7.7,10.1,11.5,11.8,10.8,8.9,6.4,3.9,1.9,1.1,1.6,3.6,6.3,9,11,11.9,4/6/2020,11.5,9.9,7.6,5,2.6,1.2,1.2,2.6,5.2,8.2,10.7,12.1,12.2,11,8.8,6,3.3,1.3,0.6,1.5,3.8,6.8,9.7,11.7,4/7/2020,12.4,11.7,9.8,7.1,4.3,1.9,0.6,0.9,2.7,5.6,8.8,11.3,12.6,12.4,10.8,8.3,5.4,2.7,0.8,0.4,1.7,4.3,7.6,10.5,6:30,10.8,35.4,13:11,2.3,7.5,19:08,10.4,34.1,1:37,2.6,8.5,7:35,10.8,35.4,14:12,2.2,7.2,20:15,10.5,34.4,2:39,2.5,8.2,8:42,11,36.1,15:14,1.9,6.2,21:20,10.8,35.4,3:40,2.1,6.9,9:45,11.3,37.1,16:12,1.5,4.9,22:18,11.3,37.1,4:38,1.6,5.2,10:42,11.8,38.7,17:07,1.1,3.6,23:10,11.9,39,5:31,1,3.3,11:33,12.3,40.4,17:57,0.6,2,23:59,12.4,40.7,6:21,0.5,1.6,12:22,12.7,41.7,18:45,0.3,1
Advocate Harbour,45.337,-64.7831,4/1/2020,2.4,2.9,4.2,5.9,7.6,8.8,9.5,9.3,8.3,6.7,4.8,3.2,2.2,2.2,3,4.4,6.1,7.6,8.7,9,8.6,7.4,5.8,4.2,4/2/2020,3,2.5,3,4.1,5.8,7.4,8.7,9.4,9.3,8.3,6.8,4.9,3.3,2.3,2.1,2.8,4.2,5.9,7.5,8.7,9.2,8.8,7.7,6,4/3/2020,4.4,3,2.5,2.8,3.9,5.5,7.3,8.7,9.5,9.5,8.6,7,5.1,3.3,2.1,1.8,2.4,3.9,5.8,7.6,8.9,9.5,9.2,8,4/4/2020,6.3,4.4,2.9,2.1,2.3,3.5,5.3,7.2,8.9,9.8,9.8,8.9,7.2,5.1,3.1,1.7,1.4,2.1,3.7,5.8,7.8,9.4,10,9.6,4/5/2020,8.3,6.4,4.2,2.5,1.6,1.9,3.2,5.2,7.4,9.2,10.3,10.2,9.1,7.2,4.9,2.7,1.2,0.9,1.8,3.7,6.1,8.3,10,10.6,4/6/2020,10,8.4,6.2,3.8,1.9,1,1.4,3,5.3,7.8,9.7,10.7,10.6,9.3,7.1,4.5,2.1,0.7,0.5,1.7,3.9,6.6,9,10.6,4/7/2020,11,10.2,8.3,5.8,3.2,1.2,0.5,1.1,3.1,5.7,8.3,10.3,11.1,10.8,9.2,6.7,3.9,1.5,0.2,0.3,1.9,4.5,7.3,9.7,6:15,9.5,31.2,12:35,2.1,6.9,18:55,9.1,29.9,1:01,2.5,8.2,7:20,9.5,31.2,13:42,2,6.6,20:03,9.2,30.2,2:10,2.4,7.9,8:27,9.6,31.5,14:49,1.8,5.9,21:08,9.5,31.2,3:17,2.1,6.9,9:30,10,32.8,15:51,1.3,4.3,22:08,10,32.8,4:18,1.6,5.2,10:29,10.4,34.1,16:47,0.8,2.6,23:02,10.6,34.8,5:12,1,3.3,11:22,10.8,35.4,17:37,0.4,1.3,23:51,11.1,36.4,6:02,0.5,1.6,12:12,11.2,36.7,18:24,0.1,0.3
Cape d`Or,45.291,-64.774,4/1/2020,2.8,3.4,4.8,6.7,8.5,9.9,10.3,9.9,8.5,6.6,4.8,3.3,2.5,2.7,3.6,5.2,7.2,8.8,9.8,9.9,9,7.5,5.7,4.1,4/2/2020,3,2.8,3.4,4.7,6.6,8.5,9.8,10.3,9.9,8.6,6.7,4.8,3.3,2.5,2.5,3.4,5.1,7,8.7,9.8,10,9.2,7.6,5.8,4/3/2020,4.1,3,2.6,3.1,4.4,6.3,8.3,9.8,10.5,10.1,8.8,6.9,4.9,3.2,2.3,2.2,3.1,4.7,6.8,8.7,10,10.3,9.5,7.9,4/4/2020,5.9,4.1,2.7,2.2,2.7,4,6.1,8.2,9.9,10.8,10.5,9.1,7.1,4.9,3,1.9,1.8,2.6,4.5,6.8,8.9,10.3,10.7,9.9,4/5/2020,8.2,5.9,3.8,2.3,1.7,2.2,3.6,5.9,8.3,10.2,11.2,10.9,9.4,7.1,4.7,2.6,1.4,1.3,2.3,4.3,6.9,9.3,10.9,11.2,4/6/2020,10.3,8.2,5.8,3.4,1.8,1.2,1.7,3.4,6,8.6,10.7,11.7,11.2,9.5,7,4.3,2.1,0.9,0.9,2.1,4.5,7.4,9.9,11.5,4/7/2020,11.7,10.4,8.1,5.4,2.9,1.2,0.7,1.4,3.4,6.2,9.1,11.2,12,11.4,9.3,6.6,3.8,1.6,0.5,0.7,2.2,4.9,7.9,10.5,6:01,10.3,33.8,12:22,2.5,8.2,18:35,9.9,32.5,0:48,2.8,9.2,7:04,10.3,33.8,13:26,2.4,7.9,19:41,10,32.8,1:54,2.6,8.5,8:11,10.5,34.4,14:33,2.1,6.9,20:47,10.3,33.8,3:02,2.2,7.2,9:16,10.8,35.4,15:38,1.7,5.6,21:49,10.7,35.1,4:05,1.7,5.6,10:16,11.2,36.7,16:37,1.2,3.9,22:46,11.3,37.1,5:03,1.2,3.9,11:12,11.7,38.4,17:32,0.7,2.3,23:38,11.8,38.7,5:57,0.7,2.3,12:04,12,39.4,18:23,0.4,1.3
Parrsboro,45.4057,-64.3259,4/1/2020,3.1,2.8,3.4,4.9,6.8,8.8,10.4,11.1,10.7,9.3,7.3,5.2,3.5,2.6,2.7,3.6,5.3,7.3,9.2,10.4,10.7,9.9,8.2,6.2,4/2/2020,4.4,3.1,2.8,3.4,4.8,6.7,8.7,10.3,11.1,10.7,9.4,7.3,5.2,3.5,2.6,2.6,3.5,5.2,7.2,9.2,10.5,10.8,10.1,8.4,4/3/2020,6.3,4.4,3.1,2.6,3.2,4.6,6.6,8.7,10.4,11.3,11,9.6,7.5,5.2,3.4,2.3,2.3,3.2,5,7.2,9.4,10.8,11.2,10.4,4/4/2020,8.6,6.4,4.3,2.8,2.2,2.8,4.2,6.4,8.8,10.7,11.7,11.4,9.9,7.6,5.1,3.1,1.9,1.9,2.9,4.9,7.4,9.7,11.4,11.8,4/5/2020,10.8,8.8,6.3,3.9,2.3,1.7,2.3,4,6.4,9.1,11.2,12.2,11.8,10.1,7.5,4.8,2.6,1.4,1.4,2.7,5,7.8,10.4,12.1,4/6/2020,12.3,11.1,8.8,6,3.4,1.6,1,1.8,3.9,6.7,9.6,11.8,12.8,12.1,10.1,7.2,4.3,1.9,0.8,1,2.6,5.3,8.4,11.1,4/7/2020,12.8,12.8,11.3,8.5,5.4,2.6,0.9,0.5,1.6,4,7.2,10.3,12.5,13.2,12.2,9.8,6.7,3.6,1.3,0.3,0.9,2.9,5.9,9.2,7:10,11.1,36.4,13:25,2.5,8.2,19:45,10.7,35.1,1:51,2.8,9.2,8:12,11.1,36.4,14:28,2.4,7.9,20:48,10.9,35.8,2:56,2.6,8.5,9:15,11.3,37.1,15:33,2.2,7.2,21:50,11.2,36.7,4:00,2.2,7.2,10:16,11.7,38.4,16:33,1.7,5.6,22:48,11.8,38.7,4:59,1.7,5.6,11:13,12.2,40,17:29,1.2,3.9,23:41,12.4,40.7,5:54,1,3.3,12:06,12.8,42,18:20,0.7,2.3,0:31,13,42.7,6:45,0.5,1.6,12:56,13.2,43.3,19:08,0.3,1
Five Islands,45.3921,-64.0223,4/1/2020,3,2.6,3.4,5.4,7.9,10.2,11.8,12.5,11.9,10.2,7.8,5.4,3.5,2.4,2.5,3.9,6.2,8.6,10.6,11.8,12,11,8.9,6.6,4/2/2020,4.5,3.2,2.7,3.5,5.4,7.9,10.1,11.7,12.4,11.9,10.3,7.9,5.5,3.6,2.5,2.5,3.8,6.1,8.5,10.5,11.8,12.1,11.1,9.1,4/3/2020,6.7,4.6,3.2,2.6,3.3,5.2,7.7,10,11.7,12.5,12.1,10.5,8.1,5.7,3.6,2.4,2.3,3.6,5.8,8.4,10.6,12,12.4,11.4,4/4/2020,9.4,6.9,4.6,3,2.3,2.9,4.9,7.5,10,11.9,12.8,12.6,10.9,8.3,5.6,3.4,2,1.9,3.2,5.7,8.5,10.8,12.4,12.9,4/5/2020,11.9,9.6,6.8,4.4,2.5,1.7,2.4,4.6,7.4,10.2,12.3,13.3,13,11.1,8.3,5.4,3,1.5,1.4,3,5.7,8.7,11.3,13,4/6/2020,13.4,12.2,9.6,6.6,3.9,1.9,1.1,2,4.4,7.6,10.5,12.8,13.9,13.4,11.2,8.1,5.1,2.5,1,1,2.9,5.9,9.2,11.9,4/7/2020,13.6,13.9,12.4,9.5,6.3,3.4,1.3,0.6,1.7,4.5,7.9,11,13.3,14.3,13.6,11.1,7.8,4.6,2,0.5,0.8,3,6.4,9.8,7:05,12.5,41,13:27,2.3,7.5,19:39,12.1,39.7,1:53,2.7,8.9,8:08,12.4,40.7,14:30,2.4,7.9,20:44,12.1,39.7,2:58,2.6,8.5,9:14,12.5,41,15:35,2.2,7.2,21:49,12.4,40.7,4:02,2.3,7.5,10:18,12.9,42.3,16:37,1.7,5.6,22:50,12.9,42.3,5:03,1.7,5.6,11:18,13.4,44,17:34,1.2,3.9,23:47,13.5,44.3,6:00,1.1,3.6,12:14,13.9,45.6,18:29,0.8,2.6,0:41,14,45.9,6:55,0.6,2,13:07,14.3,46.9,19:22,0.4,1.3
Meteghan,44.1875,-66.1623,4/1/2020,1.6,2.1,2.9,3.7,4.4,4.8,4.8,4.3,3.6,2.7,1.9,1.4,1.2,1.5,2.1,2.9,3.7,4.3,4.5,4.4,3.9,3.1,2.3,1.7,4/2/2020,1.5,1.6,2.1,2.8,3.7,4.4,4.9,4.9,4.4,3.7,2.8,1.9,1.3,1.1,1.4,2,2.8,3.7,4.4,4.7,4.5,4,3.2,2.4,4/3/2020,1.7,1.3,1.4,1.9,2.7,3.7,4.5,5,5,4.6,3.8,2.8,1.9,1.2,1,1.2,1.9,2.8,3.8,4.6,4.9,4.8,4.2,3.3,4/4/2020,2.3,1.5,1.1,1.2,1.7,2.7,3.7,4.6,5.2,5.2,4.8,3.9,2.7,1.7,1,0.7,1,1.8,2.9,4,4.9,5.2,5,4.3,4/5/2020,3.3,2.2,1.3,0.8,0.9,1.6,2.6,3.8,4.8,5.4,5.4,4.9,3.8,2.6,1.5,0.7,0.5,1,1.9,3.1,4.3,5.2,5.5,5.2,4/6/2020,4.3,3.1,1.9,1,0.5,0.7,1.5,2.7,4,5.1,5.7,5.6,4.9,3.7,2.4,1.2,0.5,0.4,1,2.1,3.4,4.7,5.5,5.7,4/7/2020,5.2,4.2,2.9,1.6,0.6,0.3,0.6,1.6,2.9,4.2,5.3,5.8,5.6,4.7,3.4,2.1,0.9,0.3,0.3,1.1,2.3,3.7,5,5.7,5:25,4.9,16.1,11:53,1.2,3.9,18:07,4.5,14.8,0:13,1.4,4.6,6:30,4.9,16.1,12:57,1.1,3.6,19:12,4.7,15.4,1:19,1.3,4.3,7:35,5.1,16.7,13:59,1,3.3,20:13,4.9,16.1,2:22,1.1,3.6,8:35,5.3,17.4,14:56,0.7,2.3,21:09,5.2,17.1,3:18,0.8,2.6,9:31,5.5,18,15:48,0.5,1.6,22:00,5.5,18,4:11,0.5,1.6,10:23,5.7,18.7,16:37,0.3,1,22:49,5.7,18.7,5:01,0.3,1,11:12,5.8,19,17:24,0.2,0.7
Wolfville (Hantsport),45.0918,-64.3598,4/1/2020,3.8,2.9,3.1,4.5,6.7,9.2,11.2,12.3,12.3,11.1,9.1,6.7,4.6,3.1,2.6,3.3,5,7.3,9.6,11.3,11.9,11.4,9.9,7.8,4/2/2020,5.6,3.9,3,3.3,4.6,6.7,9,11.1,12.3,12.3,11.1,9.1,6.7,4.6,3.1,2.6,3.2,4.9,7.2,9.5,11.3,12,11.6,10,4/3/2020,7.9,5.7,3.9,3,3.1,4.3,6.4,8.9,11.1,12.4,12.5,11.3,9.2,6.8,4.6,3,2.4,2.9,4.6,7.1,9.6,11.6,12.4,11.9,4/4/2020,10.3,8,5.7,3.7,2.6,2.7,3.9,6.2,8.9,11.4,12.8,12.9,11.6,9.4,6.8,4.4,2.6,1.9,2.5,4.4,7.1,10,12.2,13,4/5/2020,12.4,10.5,8,5.4,3.3,2.1,2.1,3.5,6.1,9.2,11.9,13.4,13.4,11.8,9.4,6.5,3.9,2.1,1.3,2.1,4.3,7.5,10.7,13,4/6/2020,13.7,12.8,10.6,7.8,5,2.7,1.4,1.5,3.3,6.3,9.8,12.6,14.1,13.7,11.9,9.2,6.1,3.3,1.4,0.8,1.9,4.6,8.2,11.6,4/7/2020,13.8,14.2,13,10.5,7.4,4.3,1.9,0.7,1.1,3.4,6.8,10.6,13.4,14.6,13.9,11.7,8.7,5.5,2.6,0.7,0.5,2.1,5.3,9.2,7:26,12.5,41,13:54,2.6,8.5,20:02,11.9,39,2:19,3,9.8,8:29,12.4,40.7,14:57,2.6,8.5,21:06,12,39.4,3:24,2.9,9.5,9:33,12.6,41.3,16:02,2.4,7.9,22:07,12.4,40.7,4:29,2.5,8.2,10:32,13,42.7,17:04,1.9,6.2,23:03,13,42.7,5:30,1.9,6.2,11:28,13.6,44.6,17:59,1.3,4.3,23:55,13.7,44.9,6:25,1.2,3.9,12:19,14.1,46.3,18:51,0.8,2.6,0:44,14.3,46.9,7:15,0.6,2,13:07,14.6,47.9,19:39,0.4,1.3
Halls Harbour (Baxters Harbour),45.1992,-64.617,4/1/2020,2.8,3.2,4.5,6.2,8,9.5,10.1,10,9,7.4,5.6,3.9,2.7,2.5,3.3,4.8,6.6,8.3,9.4,9.8,9.3,8.1,6.5,4.8,4/2/2020,3.5,2.9,3.2,4.4,6.2,8,9.4,10.1,10,9.1,7.5,5.6,3.9,2.7,2.5,3.2,4.7,6.5,8.2,9.5,9.9,9.5,8.3,6.6,4/3/2020,4.9,3.4,2.7,3,4.2,6,7.9,9.5,10.3,10.3,9.3,7.7,5.7,3.8,2.5,2.2,2.9,4.4,6.4,8.4,9.8,10.3,9.9,8.7,4/4/2020,6.8,4.8,3.2,2.3,2.6,3.8,5.7,7.9,9.7,10.7,10.7,9.7,7.9,5.7,3.6,2.1,1.7,2.5,4.2,6.5,8.7,10.2,10.9,10.4,4/5/2020,9,6.9,4.6,2.7,1.7,2,3.4,5.6,8.1,10.1,11.2,11.2,10.1,8,5.5,3.2,1.5,1.2,2.1,4.1,6.7,9.2,10.9,11.5,4/6/2020,10.9,9.2,6.7,4.1,2,1,1.4,3.2,5.7,8.5,10.6,11.8,11.7,10.3,7.9,5.1,2.5,0.9,0.7,1.9,4.3,7.2,9.9,11.6,4/7/2020,12.1,11.2,9.1,6.3,3.5,1.3,0.4,1.1,3.2,6.1,9,11.3,12.3,12,10.3,7.6,4.5,1.9,0.3,0.4,2,4.7,7.9,10.6,6:19,10.2,33.5,12:43,2.5,8.2,18:56,9.8,32.2,1:08,2.9,9.5,7:22,10.2,33.5,13:46,2.4,7.9,20:01,9.9,32.5,2:13,2.7,8.9,8:27,10.4,34.1,14:50,2.2,7.2,21:05,10.3,33.8,3:18,2.3,7.5,9:31,10.8,35.4,15:51,1.7,5.6,22:05,10.9,35.8,4:18,1.7,5.6,10:30,11.4,37.4,16:48,1.1,3.6,22:59,11.5,37.7,5:13,1,3.3,11:24,11.9,39,17:40,0.6,2,23:51,12.1,39.7,6:04,0.4,1.3,12:15,12.4,40.7,18:29,0.1,0.3
Digby,44.6215,-65.7576,4/1/2020,2.3,2.9,4,5.2,6.3,7.1,7.2,6.7,5.7,4.5,3.3,2.3,1.9,2.2,3.1,4.2,5.4,6.4,6.9,6.7,6,5,3.9,2.9,4/2/2020,2.3,2.3,3,4,5.2,6.3,7.1,7.2,6.7,5.7,4.5,3.3,2.3,1.9,2.2,3,4.1,5.4,6.4,7,6.8,6.2,5.1,4,4/3/2020,2.9,2.2,2.2,2.8,3.9,5.1,6.3,7.2,7.4,6.9,5.9,4.6,3.3,2.2,1.6,1.9,2.8,4,5.3,6.5,7.2,7.2,6.4,5.3,4/4/2020,4,2.8,1.9,1.8,2.4,3.6,5,6.4,7.5,7.8,7.3,6.1,4.7,3.2,1.9,1.2,1.5,2.5,3.9,5.4,6.8,7.7,7.6,6.7,4/5/2020,5.4,3.9,2.4,1.4,1.3,2,3.4,5,6.6,7.9,8.2,7.6,6.3,4.7,3,1.4,0.7,1.1,2.3,3.9,5.7,7.3,8.2,8,4/6/2020,6.9,5.4,3.7,2,0.8,0.7,1.7,3.3,5.1,7,8.3,8.6,7.8,6.4,4.6,2.6,0.9,0.3,0.8,2.3,4.1,6.1,7.8,8.7,4/7/2020,8.3,7.1,5.3,3.4,1.5,0.3,0.4,1.5,3.3,5.3,7.3,8.7,8.9,7.9,6.3,4.3,2.2,0.5,0,0.8,2.4,4.4,6.5,8.3,5:39,7.3,24,12:03,1.9,6.2,18:14,6.9,22.6,0:28,2.2,7.2,6:41,7.3,24,13:06,1.9,6.2,19:19,7,23,1:33,2.1,6.9,7:48,7.4,24.3,14:11,1.6,5.2,20:24,7.3,24,2:38,1.7,5.6,8:52,7.8,25.6,15:12,1.2,3.9,21:24,7.7,25.3,3:38,1.2,3.9,9:51,8.2,26.9,16:09,0.7,2.3,22:19,8.3,27.2,4:34,0.6,2,10:45,8.7,28.5,17:01,0.3,1,23:11,8.7,28.5,5:26,0.1,0.3,11:37,9,29.5,17:52,0,0
Tiverton (South Entrance),44.3873,-66.2218,4/1/2020,1.7,2.2,2.9,3.7,4.4,4.8,4.8,4.4,3.6,2.8,2,1.5,1.4,1.6,2.2,2.9,3.7,4.3,4.6,4.4,3.9,3.2,2.4,1.8,4/2/2020,1.6,1.7,2.1,2.8,3.7,4.4,4.9,4.9,4.5,3.7,2.8,2,1.5,1.3,1.5,2.1,2.8,3.7,4.4,4.7,4.6,4,3.2,2.4,4/3/2020,1.8,1.5,1.5,2,2.7,3.6,4.4,5,5,4.6,3.8,2.9,2,1.3,1.1,1.3,1.9,2.8,3.8,4.5,4.9,4.8,4.2,3.3,4/4/2020,2.4,1.6,1.2,1.3,1.8,2.6,3.6,4.6,5.2,5.3,4.8,3.9,2.8,1.8,1.1,0.9,1.1,1.8,2.9,3.9,4.8,5.2,5,4.3,4/5/2020,3.3,2.2,1.4,0.9,1,1.6,2.5,3.7,4.8,5.4,5.5,4.9,3.9,2.7,1.6,0.8,0.6,1,1.8,3,4.2,5.2,5.5,5.3,4/6/2020,4.4,3.2,2,1,0.6,0.7,1.5,2.6,3.9,5,5.7,5.7,5,3.8,2.4,1.3,0.5,0.4,0.9,1.9,3.3,4.6,5.5,5.8,4/7/2020,5.4,4.3,3,1.6,0.7,0.3,0.6,1.5,2.8,4.2,5.3,5.9,5.8,4.9,3.5,2.1,1,0.3,0.3,1,2.2,3.6,5,5.9,5:29,4.9,16.1,11:53,1.4,4.6,18:09,4.6,15.1,0:13,1.6,5.2,6:33,4.9,16.1,12:58,1.3,4.3,19:13,4.7,15.4,1:20,1.4,4.6,7:38,5.1,16.7,14:01,1.1,3.6,20:15,4.9,16.1,2:24,1.2,3.9,8:39,5.3,17.4,14:59,0.9,3,21:12,5.2,17.1,3:22,0.9,3,9:35,5.5,18,15:52,0.6,2,22:04,5.5,18,4:15,0.6,2,10:27,5.8,19,16:42,0.4,1.3,22:53,5.8,19,5:06,0.3,1,11:17,6,19.7,17:30,0.2,0.72
Brier Island (Westport),44.2617,-66.3547,4/1/2020,1.6,2.1,3,3.9,4.6,4.9,4.9,4.3,3.5,2.6,1.8,1.3,1.1,1.4,2.1,3,3.8,4.4,4.6,4.4,3.8,3,2.3,1.7,4/2/2020,1.4,1.6,2.1,3,3.8,4.6,4.9,4.9,4.4,3.6,2.7,1.9,1.3,1.1,1.4,2.1,3,3.8,4.4,4.7,4.5,3.9,3.1,2.3,4/3/2020,1.7,1.3,1.4,2,2.9,3.8,4.6,5,5,4.5,3.7,2.7,1.8,1.2,0.9,1.2,2,2.9,3.8,4.5,4.9,4.7,4,3.2,4/4/2020,2.3,1.5,1.1,1.2,1.8,2.7,3.8,4.7,5.2,5.2,4.7,3.8,2.8,1.7,1,0.7,1,1.9,2.9,4,4.8,5.1,4.9,4.2,4/5/2020,3.3,2.2,1.3,0.8,0.9,1.6,2.6,3.8,4.8,5.4,5.5,4.9,3.9,2.7,1.5,0.7,0.4,0.8,1.8,3,4.2,5.1,5.5,5.2,4/6/2020,4.3,3.2,2,1,0.4,0.6,1.4,2.6,3.9,5.1,5.7,5.7,5,3.8,2.5,1.3,0.4,0.2,0.7,1.8,3.2,4.5,5.5,5.8,4/7/2020,5.4,4.4,3.1,1.7,0.6,0.1,0.3,1.3,2.7,4.1,5.3,5.9,5.8,5,3.7,2.3,1,0.2,0,0.7,2,3.5,4.9,5.8,5:21,5,16.4,11:52,1.1,3.6,18:00,4.6,15.1,0:13,1.4,4.6,6:23,5,16.4,12:56,1.1,3.6,19:04,4.7,15.4,1:20,1.3,4.3,7:29,5.1,16.7,13:59,0.9,3,20:08,4.9,16.1,2:25,1.1,3.6,8:32,5.3,17.4,14:59,0.7,2.3,21:08,5.2,17.1,3:25,0.7,2.3,9:32,5.5,18,15:56,0.4,1.3,22:03,5.5,18,4:20,0.4,1.3,10:27,5.8,19,16:49,0.2,0.7,22:56,5.8,19,5:13,0.1,0.3,11:20,6,19.7,17:40,0,0
Margaretsville,45.048,-65.0648,4/1/2020,2.1,2.8,4.2,6,7.7,8.9,9.2,8.6,7.2,5.5,3.7,2.3,1.7,2,3.1,4.7,6.6,8,8.7,8.6,7.7,6.2,4.5,3.1,4/2/2020,2.2,2.1,2.9,4.3,6.1,7.8,8.9,9.2,8.5,7.2,5.4,3.6,2.2,1.7,2,3.1,4.8,6.6,8.1,8.8,8.6,7.7,6.2,4.5,4/3/2020,3,2.1,2,2.8,4.3,6.2,7.9,9,9.3,8.6,7.2,5.4,3.5,2.1,1.5,1.8,3,4.8,6.8,8.3,9,8.9,7.9,6.3,4/4/2020,4.4,2.8,1.8,1.8,2.6,4.2,6.2,8.1,9.3,9.5,8.8,7.3,5.3,3.3,1.8,1.3,1.6,2.9,4.8,6.9,8.6,9.4,9.2,8.1,4/5/2020,6.3,4.3,2.5,1.5,1.4,2.3,4.1,6.3,8.3,9.5,9.8,9,7.4,5.2,3.1,1.6,1,1.4,2.8,5,7.2,8.9,9.8,9.5,4/6/2020,8.2,6.3,4.1,2.2,1.1,1.1,2.1,4,6.4,8.5,9.9,10.1,9.2,7.4,5.1,2.8,1.3,0.7,1.3,2.9,5.2,7.5,9.3,10.1,4/7/2020,9.7,8.3,6.1,3.8,1.8,0.8,0.9,2,4.1,6.5,8.8,10.1,10.2,9.2,7.3,4.9,2.6,1,0.6,1.3,3,5.4,7.9,9.7,5:49,9.2,30.2,12:10,1.7,5.6,18:20,8.8,28.9,0:34,2.1,6.9,6:45,9.2,30.2,13:08,1.7,5.6,19:19,8.8,28.9,1:34,1.9,6.2,7:46,9.3,30.5,14:07,1.5,4.9,20:19,9.1,29.9,2:35,1.7,5.6,8:47,9.6,31.5,15:06,1.2,3.9,21:19,9.4,30.8,3:34,1.4,4.6,9:46,9.9,32.5,16:03,1,3.3,22:15,9.8,32.2,4:31,1,3.3,10:42,10.1,33.1,16:58,0.7,2.3,23:09,10.1,33.1,5:26,0.7,2.3,11:37,10.3,33.8,17:53,0.6,2
Burntcoat Head,45.3119,-63.7898,4/1/2020,3.1,2.6,3.4,5.6,8.2,10.4,12.1,12.9,12.1,10.2,7.7,5.4,3.6,2.6,2.6,4.1,6.5,8.9,10.9,12.1,12.2,10.8,8.7,6.4,4/2/2020,4.5,3.1,2.7,3.5,5.6,8.2,10.4,12,12.8,12.1,10.2,7.8,5.5,3.7,2.6,2.6,4,6.3,8.7,10.7,12.1,12.3,11,8.9,4/3/2020,6.7,4.7,3.2,2.6,3.3,5.4,7.9,10.2,12,13,12.4,10.5,8.1,5.7,3.8,2.4,2.2,3.5,5.9,8.4,10.7,12.3,12.7,11.5,4/4/2020,9.4,7,4.8,3.1,2.2,2.8,4.9,7.5,10.1,12.2,13.3,12.8,11,8.4,5.9,3.7,2,1.6,2.9,5.5,8.3,10.8,12.8,13.3,4/5/2020,12.2,9.9,7.2,4.8,2.8,1.7,2.2,4.4,7.3,10.1,12.5,13.9,13.5,11.4,8.6,5.9,3.4,1.5,0.9,2.4,5.3,8.4,11.3,13.4,4/6/2020,14.1,12.8,10.1,7.2,4.5,2.2,0.9,1.5,4,7.2,10.4,13,14.5,14,11.7,8.6,5.6,3,0.8,0.4,2.2,5.4,8.8,11.9,4/7/2020,14.2,14.7,13.1,10.1,6.9,4,1.5,0.2,1.1,3.9,7.5,10.8,13.7,15.1,14.3,11.6,8.3,5.2,2.4,0.2,0,2.3,5.9,9.5,7:03,12.9,42.3,13:28,2.4,7.9,19:33,12.3,40.4,1:54,2.7,8.9,8:03,12.8,42,14:33,2.4,7.9,20:37,12.4,40.7,3:00,2.6,8.5,9:07,13,42.7,15:41,2.1,6.9,21:45,12.7,41.7,4:08,2.2,7.2,10:13,13.4,44,16:46,1.6,5.2,22:50,13.3,43.6,5:14,1.6,5.2,11:17,13.9,45.6,17:47,0.9,3,23:49,14.1,46.3,6:13,0.8,2.6,12:15,14.6,47.9,18:43,0.3,1,0:43,14.8,48.6,7:08,0.1,0.3,13:09,15.1,49.5,19:34,-0.2,-0.7
